{
  "language": "rust",
  "backend": "omeco (Rust via PyO3)",
  "method": "treesa",
  "results": {
    "chain_10": {
      "tensors": 10,
      "indices": 11,
      "ntrials": 1,
      "niters": 50,
      "avg_ms": 18.54327767311285,
      "tc": 23.101493570766486,
      "sc": 13.287712379549449,
      "rwc": 18.042599881712917
    },
    "grid_4x4": {
      "tensors": 16,
      "indices": 24,
      "ntrials": 1,
      "niters": 100,
      "avg_ms": 87.96962500006582,
      "tc": 9.179909090014934,
      "sc": 4.0,
      "rwc": 8.980139577639159
    },
    "grid_5x5": {
      "tensors": 25,
      "indices": 40,
      "ntrials": 1,
      "niters": 100,
      "avg_ms": 155.38616666647917,
      "tc": 10.957102041562285,
      "sc": 6.0,
      "rwc": 10.401946123976538
    },
    "reg3_250": {
      "tensors": 250,
      "indices": 372,
      "ntrials": 1,
      "niters": 100,
      "avg_ms": 2435.4437360113175,
      "tc": 48.004398956860825,
      "sc": 33.0,
      "rwc": 37.07128191856552
    }
  }
}