{
  "language": "rust",
  "backend": "omeco (Rust via PyO3)",
  "method": "greedy",
  "results": {
    "chain_10": {
      "tensors": 10,
      "indices": 11,
      "avg_ms": 0.04005829687230289,
      "tc": 23.101493570766486,
      "sc": 13.287712379549449,
      "rwc": 18.042599881712917
    },
    "grid_4x4": {
      "tensors": 16,
      "indices": 24,
      "avg_ms": 0.11810000287368894,
      "tc": 9.539158811108033,
      "sc": 5.0,
      "rwc": 9.250298417906333
    },
    "grid_5x5": {
      "tensors": 25,
      "indices": 40,
      "avg_ms": 0.23069170420058072,
      "tc": 11.276124405274237,
      "sc": 6.0,
      "rwc": 10.673309075561695
    },
    "reg3_250": {
      "tensors": 250,
      "indices": 372,
      "avg_ms": 7.52087909495458,
      "tc": 69.00040179365642,
      "sc": 47.0,
      "rwc": 49.00080354128747
    }
  }
}